{"cameraMode":{"drawMode":0,"name":"Shaded","section":"Shading Mode"},"sceneLighting":true,"audioPlay":false,"sceneViewState":{"showFog":true,"showMaterialUpdate":true,"showSkybox":true,"showFlares":true,"showImageEffects":true,"showParticleSystems":true},"in2DMode":false,"pivot":{"x":-0.42624151706695559,"y":-1.1238865852355958,"z":-9.782787322998047},"rotation":{"x":0.005260101985186338,"y":-0.992973804473877,"z":0.10797042399644852,"w":0.04830167815089226},"size":1.3856403827667237,"orthographic":false}