{"cameraMode":{"drawMode":0,"name":"Shaded","section":"Shading Mode"},"sceneLighting":true,"audioPlay":false,"sceneViewState":{"showFog":true,"showMaterialUpdate":true,"showSkybox":true,"showFlares":true,"showImageEffects":true,"showParticleSystems":true},"in2DMode":false,"pivot":{"x":-3.4919278621673586,"y":0.350763201713562,"z":1.228661298751831},"rotation":{"x":0.03176949545741081,"y":0.036605045199394229,"z":-0.00173658924177289,"w":0.9990399479866028},"size":3.142483949661255,"orthographic":false}