{"cameraMode":{"drawMode":0,"name":"Shaded","section":"Shading Mode"},"sceneLighting":true,"audioPlay":false,"sceneViewState":{"showFog":true,"showMaterialUpdate":true,"showSkybox":true,"showFlares":true,"showImageEffects":true,"showParticleSystems":true},"in2DMode":false,"pivot":{"x":0.00375298410654068,"y":-0.002916991710662842,"z":-0.003171563148498535},"rotation":{"x":0.40668609738349917,"y":-0.009004274383187294,"z":0.004066267516463995,"w":0.9136072993278503},"size":0.7071070075035095,"orthographic":false}