{"cameraMode":{"drawMode":0,"name":"Shaded","section":"Shading Mode"},"sceneLighting":true,"audioPlay":false,"sceneViewState":{"showFog":true,"showMaterialUpdate":true,"showSkybox":true,"showFlares":true,"showImageEffects":true,"showParticleSystems":true},"in2DMode":false,"pivot":{"x":0.14345884323120118,"y":-2.2997987270355226,"z":-1.597794532775879},"rotation":{"x":0.24927370250225068,"y":-0.053411804139614108,"z":0.01380815077573061,"w":0.9669225215911865},"size":5.668318748474121,"orthographic":false}