{"cameraMode":{"drawMode":0,"name":"Shaded","section":"Shading Mode"},"sceneLighting":true,"audioPlay":false,"sceneViewState":{"showFog":true,"showMaterialUpdate":true,"showSkybox":true,"showFlares":true,"showImageEffects":true,"showParticleSystems":true},"in2DMode":false,"pivot":{"x":-0.0036760950461030008,"y":-0.12985587120056153,"z":-0.10212790966033936},"rotation":{"x":0.48317036032676699,"y":0.014999791979789734,"z":-0.008255830965936184,"w":0.8754490613937378},"size":0.40710699558258059,"orthographic":false}