{"cameraMode":{"drawMode":0,"name":"Shaded","section":"Shading Mode"},"sceneLighting":true,"audioPlay":false,"sceneViewState":{"showFog":true,"showMaterialUpdate":true,"showSkybox":true,"showFlares":true,"showImageEffects":true,"showParticleSystems":true},"in2DMode":false,"pivot":{"x":-3.3395986557006838,"y":-4.416792869567871,"z":-5.615546226501465},"rotation":{"x":0.39569398760795596,"y":-0.009053711779415608,"z":0.003955015912652016,"w":0.9184221625328064},"size":49.72709655761719,"orthographic":false}