{"cameraMode":{"drawMode":0,"name":"Shaded","section":"Shading Mode"},"sceneLighting":true,"audioPlay":false,"sceneViewState":{"showFog":true,"showMaterialUpdate":false,"showSkybox":true,"showFlares":true,"showImageEffects":true,"showParticleSystems":true},"in2DMode":false,"pivot":{"x":-0.033734411001205447,"y":-3.5517420768737795,"z":-10.457306861877442},"rotation":{"x":0.00005338912160368636,"y":-0.9970160126686096,"z":0.07823695242404938,"w":0.002430871594697237},"size":18.317665100097658,"orthographic":false}