{"cameraMode":{"drawMode":0,"name":"Shaded","section":"Shading Mode"},"sceneLighting":true,"audioPlay":false,"sceneViewState":{"showFog":true,"showMaterialUpdate":true,"showSkybox":true,"showFlares":true,"showImageEffects":true,"showParticleSystems":true},"in2DMode":false,"pivot":{"x":-0.74006587266922,"y":-1.1639326810836793,"z":-9.3882474899292},"rotation":{"x":0.0895175188779831,"y":-0.9101716876029968,"z":0.2969188988208771,"w":0.27471837401390078},"size":1.441528081893921,"orthographic":false}