{"cameraMode":{"drawMode":0,"name":"Shaded","section":"Shading Mode"},"sceneLighting":true,"audioPlay":false,"sceneViewState":{"showFog":true,"showMaterialUpdate":true,"showSkybox":true,"showFlares":true,"showImageEffects":true,"showParticleSystems":true},"in2DMode":false,"pivot":{"x":-5.88548469543457,"y":-0.3827386498451233,"z":-1.2263168096542359},"rotation":{"x":0.11995335668325424,"y":0.03482406213879585,"z":-0.0047595868818461899,"w":0.9923773407936096},"size":2.2424840927124025,"orthographic":false}